<?xml version="1.0" encoding="utf-8"?>
<!DOCTYPE hibernate-configuration PUBLIC
        "-//Hibernate/Hibernate Configuration DTD 3.0//EN"
        "http://hibernate.sourceforge.net/hibernate-configuration-3.0.dtd">
<hibernate-configuration>
    <session-factory>
        <property name="hibernate.connection.driver_class">com.mysql.jdbc.Driver</property>
        <property name="hibernate.connection.password">123456</property>
        <property name="hibernate.connection.url">jdbc:mysql://localhost:3306/suaxeluudong?autoReconnect=true&amp;characterEncoding=utf-8&amp;useUnicode=true&amp;connectionCollation=utf8_unicode_ci&amp;characterSetResults=utf8</property>
        <property name="hibernate.connection.username">root</property>
        <property name="hibernate.dialect">org.hibernate.dialect.MySQLDialect</property>
        <property name="show_sql">true</property>
        <mapping class="com.suaxe.core.persistence.data.ChiTietDichVuEntity"/>
        <mapping class="com.suaxe.core.persistence.data.DanhGiaEntity"/>
        <mapping class="com.suaxe.core.persistence.data.DichVuEntity"/>
        <mapping class="com.suaxe.core.persistence.data.DoiTacEntity"/>
        <mapping class="com.suaxe.core.persistence.data.HoTroTrucTuyenEntity"/>
        <mapping class="com.suaxe.core.persistence.data.KhachHangEntity"/>
        <mapping class="com.suaxe.core.persistence.data.LoaiXeEntity"/>
        <mapping class="com.suaxe.core.persistence.data.QuyenEntity"/>
        <mapping class="com.suaxe.core.persistence.data.TaiKhoanEntity"/>
        <mapping class="com.suaxe.core.persistence.data.ThanhToanEntity"/>
        <mapping class="com.suaxe.core.persistence.data.YeuCauKhachHangEntity"/>
    </session-factory>
</hibernate-configuration>